
insert into Nhan_Viens(Username,Email,Phone,MatKhau,HoTen,NgaySinh,GioiTinh,DiaChi,HinhAnh,created_at) values ('Admin','Admin@gmail.com','0779597983','Admin',N'Administrator','2007/02/14',1,N'TP HCM','image-1.jpg','1991-11-11')							 ;
insert into Nhan_Viens(Username,Email,Phone,MatKhau,HoTen,NgaySinh,GioiTinh,DiaChi,HinhAnh,created_at) values ('NhanVien01','NhanVien01@gmail.com','0238506390','passwordNV01',N'Bà Huyện Thanh Quan','1997/04/14',0,N'O7, Cao Bá Nhạ, Hậu Giang','image-2.jpg','1991-11-11');
insert into Nhan_Viens(Username,Email,Phone,MatKhau,HoTen,NgaySinh,GioiTinh,DiaChi,HinhAnh,created_at) values ('NhanVien02','NhanVien02@gmail.com','0176440449','passwordNV02',N'Nguyễn Hữu Cảnh','2002/11/12',0,N'P7, Đồng Khởi, Lào Cai','image-3.jpg','1991-11-11')		;
insert into Nhan_Viens(Username,Email,Phone,MatKhau,HoTen,NgaySinh,GioiTinh,DiaChi,HinhAnh,created_at) values ('NhanVien03','NhanVien03@gmail.com','0300345555','passwordNV03',N'Alexandre de Rhodes','2020/08/03',0,N'B0, Lê Lai, Thái Bình','image-4.jpg','1991-11-11')	;

insert into Khach_Hangs(Username,Email,Phone,MatKhau,HoTen,NgaySinh,GioiTinh,DiaChi,HinhAnh,created_at) values ('Khach01','Khach01@gmail.com','0618431768','passwordKH01',N'Hồ Huấn Nghiệp','1990/11/24',0,N'J5, Nguyễn Hữu Cầu, Thanh Hóa','image-5.jpg','1991-11-11');
insert into Khach_Hangs(Username,Email,Phone,MatKhau,HoTen,NgaySinh,GioiTinh,DiaChi,HinhAnh,created_at) values ('Khach02','Khach02@gmail.com','0452803292','passwordKH02',N'Hàm Nghi','1996/10/15',0,N'D4, Huỳnh Khương Ninh, Tiền Giang','image-6.jpg','1991-11-11')	;
insert into Khach_Hangs(Username,Email,Phone,MatKhau,HoTen,NgaySinh,GioiTinh,DiaChi,HinhAnh,created_at) values ('Khach03','Khach03@gmail.com','0566425150','passwordKH03',N'Hồ Tùng Mậu','1986/04/09',0,N'P1, Bùi Viện, Hải Phòng','thumb-1.jpg','1991-11-11')			;
insert into Khach_Hangs(Username,Email,Phone,MatKhau,HoTen,NgaySinh,GioiTinh,DiaChi,HinhAnh,created_at) values ('Khach04','Khach04@gmail.com','0982099712','passwordKH04',N'Nguyễn Cư Trinh','1994/08/27',1,N'W7, Mai Thị Lựu, Trà Vinh','thumb-2.jpg','1991-11-11')	;
insert into Khach_Hangs(Username,Email,Phone,MatKhau,HoTen,NgaySinh,GioiTinh,DiaChi,HinhAnh,created_at) values ('Khach05','Khach05@gmail.com','0333641834','passwordKH05',N'Bùi Viện','1990/09/06',1,N'D3, Nam Quốc Cang, Bình Định','thumb-3.jpg','1991-11-11')		;

insert into Hang_San_Xuats(Ten,DiaChi,Email,Phone) values('Cannon','V2, Lê Thị Riêng, Hà Nam','Cannon@gmail.com','0468343337')				;
insert into Hang_San_Xuats(Ten,DiaChi,Email,Phone) values('IPhone','N3, Hoàng Sa, Tây Ninh','IPhone@gmail.com','0868562476')					;
insert into Hang_San_Xuats(Ten,DiaChi,Email,Phone) values('Xiaomi','Z7, Lê Thánh Tôn, Lào Cai','Xiaomi@gmail.com','0727834458')				;
insert into Hang_San_Xuats(Ten,DiaChi,Email,Phone) values('SaNaKy','E4, Lê Anh Xuân, Phú Yên','SaNaKy@gmail.com','0219680334')				;
insert into Hang_San_Xuats(Ten,DiaChi,Email,Phone) values('SONY','V2, Lê Thị Riêng, Hà Nam','SONY@gmail.com','0124108053')					;
insert into Hang_San_Xuats(Ten,DiaChi,Email,Phone) values('SamSung','M8, Nguyễn Cư Trinh, Lai Châu','SamSung@gmail.com','0487862068')		;
insert into Hang_San_Xuats(Ten,DiaChi,Email,Phone) values('ViVo','R1, Lê Công Kiều, Hải Phòng','ViVo@gmail.com','0912247804')				;
insert into Hang_San_Xuats(Ten,DiaChi,Email,Phone) values('Electrolux','F3, Nguyễn Cảnh Chân, Khánh Hòa','Electrolux@gmail.com','0316892771');
insert into Hang_San_Xuats(Ten,DiaChi,Email,Phone) values('LG','N1, Nam Quốc Cang, Nam Định','LG@gmail.com','0233681010')					;
insert into Hang_San_Xuats(Ten,DiaChi,Email,Phone) values('Toshiba','J4, Calmette, Hà Nam','Toshiba@gmail.com','0268628820')					;
insert into Hang_San_Xuats(Ten,DiaChi,Email,Phone) values('Acer','F9, Nguyễn Hữu Cầu, Cao Bằng','Acer@gmail.com','0883771752')				;
insert into Hang_San_Xuats(Ten,DiaChi,Email,Phone) values('ASUS','H6, Huỳnh Khương Ninh, Hà Tĩnh','ASUS@gmail.com','0135349672')				;

insert into Loai_San_Phams(TenLoai,MoTa) values(N'Điện lạnh',null);
insert into Loai_San_Phams(TenLoai,MoTa) values(N'Điện thoại','Smart Phone');
insert into Loai_San_Phams(TenLoai,MoTa) values(N'LapTop',null)			  ;
insert into Loai_San_Phams(TenLoai,MoTa) values(N'Máy ảnh',null)			  ;
insert into Loai_San_Phams(TenLoai,MoTa) values(N'Máy tính bảng',null)	  ;
insert into Loai_San_Phams(TenLoai,MoTa) values(N'Phụ kiện',null)			  ;

insert into San_Phams(TenSanPham,MoTa,SoLuongTon,GiaNhap,GiaBan,HinhAnh,LuotMua,HangSanXuatId,LoaiSanPhamId,created_at) values(N'Xiaomi Redmi Note 6 Pro30','64GB',10,1000000,2000000,'DT_1.jpg',12,2,2,'2022-12-22');
insert into San_Phams(TenSanPham,MoTa,SoLuongTon,GiaNhap,GiaBan,HinhAnh,LuotMua,HangSanXuatId,LoaiSanPhamId,created_at) values(N'Máy giặt Electrolux 10 Kg29','2 Năm',4,5376969,6376969,'DL_1.jpg',3,8,1,'2022-12-22');
insert into San_Phams(TenSanPham,MoTa,SoLuongTon,GiaNhap,GiaBan,HinhAnh,LuotMua,HangSanXuatId,LoaiSanPhamId,created_at) values(N'Máy giặt Beko 9Kg28','2 Năm',8,2560459,3560459,'DL_2.jpg',5,8,1,'2022-12-22');
insert into San_Phams(TenSanPham,MoTa,SoLuongTon,GiaNhap,GiaBan,HinhAnh,LuotMua,HangSanXuatId,LoaiSanPhamId,created_at) values(N'Samsung Inverter 1227','2 Năm',46,9208494,10208494,'DT_2.jpg',9,6,2,'2022-12-22');
insert into San_Phams(TenSanPham,MoTa,SoLuongTon,GiaNhap,GiaBan,HinhAnh,LuotMua,HangSanXuatId,LoaiSanPhamId,created_at) values(N'Máy giặt Toshiba 9.5 Kg26','32Gb',10,8996345,9996345,'DL_3.jpg',1,10,1,'2022-12-22');
insert into San_Phams(TenSanPham,MoTa,SoLuongTon,GiaNhap,GiaBan,HinhAnh,LuotMua,HangSanXuatId,LoaiSanPhamId,created_at) values(N'Điện thoại xiaomi-mi-a125','1 Năm FullBox',39,5139972,6139972,'DT_3.jpg',0,3,2,'2022-12-22');
insert into San_Phams(TenSanPham,MoTa,SoLuongTon,GiaNhap,GiaBan,HinhAnh,LuotMua,HangSanXuatId,LoaiSanPhamId,created_at) values(N'Điện thoại xiaomi-mi-a224','16Gb',5,1367603,2367603,'DT_4.jpg',2,3,2,'2022-12-22');
insert into San_Phams(TenSanPham,MoTa,SoLuongTon,GiaNhap,GiaBan,HinhAnh,LuotMua,HangSanXuatId,LoaiSanPhamId,created_at) values(N'Đt xiaomi-redmi-5-plus23','32Gb',6,8322064,9322064,'DT_5.jpg',3,3,2,'2022-12-22');
insert into San_Phams(TenSanPham,MoTa,SoLuongTon,GiaNhap,GiaBan,HinhAnh,LuotMua,HangSanXuatId,LoaiSanPhamId,created_at) values(N'Điện thoại xiaomi-mi-a122','1 Năm FullBox',17,5817358,6817358,'DT_6.jpg',7,3,2,'2022-12-22');
insert into San_Phams(TenSanPham,MoTa,SoLuongTon,GiaNhap,GiaBan,HinhAnh,LuotMua,HangSanXuatId,LoaiSanPhamId,created_at) values(N'Điện thoại xiaomi-mi-a221','16Gb',33,2647340,3647340,'DT_7.jpg',8,3,2,'2022-12-22');
insert into San_Phams(TenSanPham,MoTa,SoLuongTon,GiaNhap,GiaBan,HinhAnh,LuotMua,HangSanXuatId,LoaiSanPhamId,created_at) values(N'Đt xiaomi-redmi-5-plus20','32Gb',2,2299870,3299870,'DT_8.jpg',90,3,2,'2022-12-22');
insert into San_Phams(TenSanPham,MoTa,SoLuongTon,GiaNhap,GiaBan,HinhAnh,LuotMua,HangSanXuatId,LoaiSanPhamId,created_at) values(N'Điện thoại xiaomi-mi-a119','1 Năm FullBox',24,2674972,3674972,'DT_9.jpg',4,3,2,'2022-12-22');
insert into San_Phams(TenSanPham,MoTa,SoLuongTon,GiaNhap,GiaBan,HinhAnh,LuotMua,HangSanXuatId,LoaiSanPhamId,created_at) values(N'Điện thoại xiaomi-mi-a218','16Gb',48,6927375,7927375,'DT_10.jpg',1,3,2,'2022-12-22');
insert into San_Phams(TenSanPham,MoTa,SoLuongTon,GiaNhap,GiaBan,HinhAnh,LuotMua,HangSanXuatId,LoaiSanPhamId,created_at) values(N'Đt xiaomi-redmi-5-plus17','1 Năm FullBox',19,8344018,9344018,'DT_11.jpg',2,3,2,'2022-12-22');
insert into San_Phams(TenSanPham,MoTa,SoLuongTon,GiaNhap,GiaBan,HinhAnh,LuotMua,HangSanXuatId,LoaiSanPhamId,created_at) values(N'samsung-galaxy-tab-e-9616','1 Năm FullBox',25,5775860,6775860,'DT_12.jpg',3,6,2,'2022-12-22');
insert into San_Phams(TenSanPham,MoTa,SoLuongTon,GiaNhap,GiaBan,HinhAnh,LuotMua,HangSanXuatId,LoaiSanPhamId,created_at) values(N'samsung-galaxy-tab-e-9615','1 Năm FullBox',23,5175337,6175337,'DT_13.jpg',7,6,2,'2022-12-22');
insert into San_Phams(TenSanPham,MoTa,SoLuongTon,GiaNhap,GiaBan,HinhAnh,LuotMua,HangSanXuatId,LoaiSanPhamId,created_at) values(N'samsung-galaxy-tab-e-9614','1 Năm FullBox',39,3102066,4102066,'DT_14.jpg',5,6,2,'2022-12-22');
insert into San_Phams(TenSanPham,MoTa,SoLuongTon,GiaNhap,GiaBan,HinhAnh,LuotMua,HangSanXuatId,LoaiSanPhamId,created_at) values(N'Điện thoại vivo-y85-red13','I3',43,7205830,8205830,'DT_15.jpg',4,7,2,'2022-12-22');
insert into San_Phams(TenSanPham,MoTa,SoLuongTon,GiaNhap,GiaBan,HinhAnh,LuotMua,HangSanXuatId,LoaiSanPhamId,created_at) values(N'LapTop acer-aspire-a31412','I7',28,4421204,5421204,'LT_1.jpg',9,11,3,'2022-12-22');
insert into San_Phams(TenSanPham,MoTa,SoLuongTon,GiaNhap,GiaBan,HinhAnh,LuotMua,HangSanXuatId,LoaiSanPhamId,created_at) values(N'LapTop acer-aspire-a71511','I5',22,6477731,7477731,'LT_2.jpg',10,11,3,'2022-12-22');
insert into San_Phams(TenSanPham,MoTa,SoLuongTon,GiaNhap,GiaBan,HinhAnh,LuotMua,HangSanXuatId,LoaiSanPhamId,created_at) values(N'LapTop asus-s510ua-i50','I3',30,7542377,8542377,'LT_3.jpg',15,12,3,'2022-12-22');
insert into San_Phams(TenSanPham,MoTa,SoLuongTon,GiaNhap,GiaBan,HinhAnh,LuotMua,HangSanXuatId,LoaiSanPhamId,created_at) values(N'LapTop asus-x44lua-i39','Full box',14,8256867,9256867,'LT_4.jpg',17,12,3,'2022-12-22');
insert into San_Phams(TenSanPham,MoTa,SoLuongTon,GiaNhap,GiaBan,HinhAnh,LuotMua,HangSanXuatId,LoaiSanPhamId,created_at) values(N'Máy ảnh Cannon EOS 6D8','Full box',5,8396596,9396596,'Camera_1.jpg',12,1,4,'2022-12-22');
insert into San_Phams(TenSanPham,MoTa,SoLuongTon,GiaNhap,GiaBan,HinhAnh,LuotMua,HangSanXuatId,LoaiSanPhamId,created_at) values(N'Máy ảnh Canon Ixus 1857','Full box',3,1812596,2812596,'Camera_2.jpg',2,1,4,'2022-12-22');
insert into San_Phams(TenSanPham,MoTa,SoLuongTon,GiaNhap,GiaBan,HinhAnh,LuotMua,HangSanXuatId,LoaiSanPhamId,created_at) values(N'Máy ảnh Canon EOS M506','Full box',19,4217622,5217622,'Camera_3.jpg',3,1,4,'2022-12-22');
insert into San_Phams(TenSanPham,MoTa,SoLuongTon,GiaNhap,GiaBan,HinhAnh,LuotMua,HangSanXuatId,LoaiSanPhamId,created_at) values(N'Máy ảnh Canon Ixus 2855','Full box',37,9344565,10344565,'Camera_1.jpg',4,1,4,'2022-12-22');
insert into San_Phams(TenSanPham,MoTa,SoLuongTon,GiaNhap,GiaBan,HinhAnh,LuotMua,HangSanXuatId,LoaiSanPhamId,created_at) values(N'Máy ảnh Canon Powershot4 ','Test',41,5761988,6761988,'Camera_2.jpg',1,1,4,'2022-12-22');
insert into San_Phams(TenSanPham,MoTa,SoLuongTon,GiaNhap,GiaBan,HinhAnh,LuotMua,HangSanXuatId,LoaiSanPhamId,created_at) values(N'cap-lightning-2m-evalu3','Test',47,7613987,8613987,'SP_1.jpg',5,6,6,'2022-12-22');
insert into San_Phams(TenSanPham,MoTa,SoLuongTon,GiaNhap,GiaBan,HinhAnh,LuotMua,HangSanXuatId,LoaiSanPhamId,created_at) values(N'cap-lightning-20cm-esaver2','Test',30,7403373,8403373,'SP_2.jpg',1,5,6,'2022-12-22');
insert into San_Phams(TenSanPham,MoTa,SoLuongTon,GiaNhap,GiaBan,HinhAnh,LuotMua,HangSanXuatId,LoaiSanPhamId,created_at) values(N'cap-micro-1m-esaver1','Test',44,8930751,9930751,'SP_3.jpg',2,5,6,'2022-12-22');
insert into San_Phams(TenSanPham,MoTa,SoLuongTon,GiaNhap,GiaBan,HinhAnh,LuotMua,HangSanXuatId,LoaiSanPhamId,created_at) values(N'cap-micro-usb-20cm1','Test',32,3214440,4214440,'SP_4.jpg',3,5,6,'2022-12-22');
insert into San_Phams(TenSanPham,MoTa,SoLuongTon,GiaNhap,GiaBan,HinhAnh,LuotMua,HangSanXuatId,LoaiSanPhamId,created_at) values(N'tai-nghe-chup-tai-kanen1','',27,8870860,9870860,'SP_5.jpg',7,12,6,'2022-12-22');

insert into Chuong_Trinh_Khuyen_Mais(TenChuongTrinh,MoTa,FromDate,ToDate,created_at) values(N'Khuyến mãi cực hot ngày 20/11',N' giảm giá đến 5000đ các loại phụ kiện','2021-11-20','2022-12-01','2021-10-19');

insert into CT_Chuong_Trinh_KMs(ChuongTrinhKhuyenMaiId,SanPhamId,GiamGia,created_at) select a.Id,b.Id,5000,'2021-11-21' from Chuong_Trinh_Khuyen_Mais as a,San_Phams as b where b.LoaiSanPhamId=6 and a.Id=1;
insert into CT_Chuong_Trinh_KMs(ChuongTrinhKhuyenMaiId,SanPhamId,GiamGia,created_at) select a.Id,b.Id,10000,'2021-11-21' from Chuong_Trinh_Khuyen_Mais as a,San_Phams as b where b.LoaiSanPhamId=4 and a.Id=1;

insert into Don_Vi_Van_Chuyens(TenDonViVanChuyen,Website,Email,Phone)values(N'Viettel Post','https://www.viettelpost.com.vn/','viettelpost@gmail.com','84462660306')	   ;
insert into Don_Vi_Van_Chuyens(TenDonViVanChuyen,Website,Email,Phone)values(N'Vietnam Post','https://www.ems.com.vn/','Vietnampost@gmail.com','84435371552')			   ;
insert into Don_Vi_Van_Chuyens(TenDonViVanChuyen,Website,Email,Phone)values(N'Giao Hàng Nhanh','https://giaohangnhanh.vn/','giaohangnhanh@gmail.com','18001201')		   ;
insert into Don_Vi_Van_Chuyens(TenDonViVanChuyen,Website,Email,Phone)values(N'Giao Hàng Tiết Kiệm','https://giaohangtietkiem.vn/','giaohangtietkiem@gmail.com','19006092');
insert into Don_Vi_Van_Chuyens(TenDonViVanChuyen,Website,Email,Phone)values(N'Kerry Express','https://kerryexpress.com.vn/','kerryexpress@gmail.com','19006663')		   ;
insert into Don_Vi_Van_Chuyens(TenDonViVanChuyen,Website,Email,Phone)values(N'SShip','https://sship.vn/','sship@gmail.com','1900969684')								   ;
insert into Don_Vi_Van_Chuyens(TenDonViVanChuyen,Website,Email,Phone)values(N'Shipchung','https://www.shipchung.vn/','shipchung@gmail.com','1900636030')				   ;

insert into Nguoi_Van_Chuyens(Phone,DonViVanChuyenId,HoTen,NgaySinh,GioiTinh,DiaChi,HinhAnh,created_at) values('0484658492',1,N'Nguyễn Huy Tự','1979-12-03',1,null,null,'2021-11-21');
insert into Nguoi_Van_Chuyens(Phone,DonViVanChuyenId,HoTen,NgaySinh,GioiTinh,DiaChi,HinhAnh,created_at) values('0927281266',2,N'Cô Bắc','1981-04-07',0,null,null,'2021-11-21')		;
insert into Nguoi_Van_Chuyens(Phone,DonViVanChuyenId,HoTen,NgaySinh,GioiTinh,DiaChi,HinhAnh,created_at) values('0325167511',3,N'Mạc Thị Bưởi','1998-07-05',1,null,null,'2021-11-21')	;
insert into Nguoi_Van_Chuyens(Phone,DonViVanChuyenId,HoTen,NgaySinh,GioiTinh,DiaChi,HinhAnh,created_at) values('0204082858',4,N'Lê Công Kiều','2001-11-09',1,null,null,'2021-11-21')	;
insert into Nguoi_Van_Chuyens(Phone,DonViVanChuyenId,HoTen,NgaySinh,GioiTinh,DiaChi,HinhAnh,created_at) values('0506788273',5,N'Hồ Hảo Hớn','1985-12-02',1,null,null,'2021-11-21')	;
insert into Nguoi_Van_Chuyens(Phone,DonViVanChuyenId,HoTen,NgaySinh,GioiTinh,DiaChi,HinhAnh,created_at) values('0506781231',6,N'Trần Phi Long','1997-06-12',0,null,null,'2021-11-21');
insert into Nguoi_Van_Chuyens(Phone,DonViVanChuyenId,HoTen,NgaySinh,GioiTinh,DiaChi,HinhAnh,created_at) values('0298123123',7,N'Dương Tấn Tài','1989-08-29',1,null,null,'2021-11-21');

insert into Dia_Chis(KhachHangId,TenNguoiNhan,Phone,DiaChiChiTiet) select a.id,a.HoTen,a.Phone,a.DiaChi from khach_hangs as a;
insert into Dia_Chis(KhachHangId,TenNguoiNhan,Phone,TinhThanhPho,QuanHuyen,PhuongXa,DiaChiChiTiet,CodeTinhThanhPho,CodeQuanHuyen,CodePhuongXa)
values(1,'Dat ne`','091928739',N'Thành phố Hồ Chí Minh',N'Huyện Bình Chánh',N'Thị trấn Tân Túc',N'123/ds1 Duong ABCXYZ',79,785,27595);
insert into Dia_Chis(KhachHangId,TenNguoiNhan,Phone,TinhThanhPho,QuanHuyen,PhuongXa,DiaChiChiTiet,CodeTinhThanhPho,CodeQuanHuyen,CodePhuongXa)
values(2,'Dattt ne``','0901283123',N'Thành phố Hà Nội',N'Quận Long Biên',N'Phường Thượng Thanh',N'123/asasd Đường An Dương Vương',1,4,115);
insert into Dia_Chis(KhachHangId,TenNguoiNhan,Phone,TinhThanhPho,QuanHuyen,PhuongXa,DiaChiChiTiet,CodeTinhThanhPho,CodeQuanHuyen,CodePhuongXa)
values(3,'Dat ne`','091928739',N'Thành phố Hồ Chí Minh',N'Huyện Bình Chánh',N'Thị trấn Tân Túc',N'123/ds1 Duong ABCXYZ',79,785,27595);
insert into Dia_Chis(KhachHangId,TenNguoiNhan,Phone,TinhThanhPho,QuanHuyen,PhuongXa,DiaChiChiTiet,CodeTinhThanhPho,CodeQuanHuyen,CodePhuongXa)
values(4,'Dattt ne``','0901283123',N'Thành phố Hà Nội',N'Quận Long Biên',N'Phường Thượng Thanh',N'123/asasd Đường An Dương Vương',1,4,115);

insert into Hoa_Dons(NhanVienId,DiaChiId,TrangThai,TongTien,created_at) values(1,1,0,0,'2021/01/27');
insert into Hoa_Dons(NhanVienId,DiaChiId,TrangThai,TongTien,created_at) values(3,1,0,0,'2021/01/15');
insert into Hoa_Dons(NhanVienId,DiaChiId,TrangThai,TongTien,created_at) values(2,1,0,0,'2021/01/11');
insert into Hoa_Dons(NhanVienId,DiaChiId,TrangThai,TongTien,created_at) values(1,2,1,0,'2021/03/30');
insert into Hoa_Dons(NhanVienId,DiaChiId,TrangThai,TongTien,created_at) values(2,2,1,0,'2021/03/30');
insert into Hoa_Dons(NhanVienId,DiaChiId,TrangThai,TongTien,created_at) values(3,2,3,0,'2021/04/29');
insert into Hoa_Dons(NhanVienId,DiaChiId,TrangThai,TongTien,created_at) values(1,3,3,0,'2021/04/07');
insert into Hoa_Dons(NhanVienId,DiaChiId,TrangThai,TongTien,created_at) values(1,3,3,0,'2021/01/11');
insert into Hoa_Dons(NhanVienId,DiaChiId,TrangThai,TongTien,created_at) values(3,3,2,0,'2021/01/29');
insert into Hoa_Dons(NhanVienId,DiaChiId,TrangThai,TongTien,created_at) values(3,4,3,0,'2021/04/29');
insert into Hoa_Dons(NhanVienId,DiaChiId,TrangThai,TongTien,created_at) values(2,4,0,0,'2021/01/11');
insert into Hoa_Dons(NhanVienId,DiaChiId,TrangThai,TongTien,created_at) values(1,4,2,0,'2021/01/29');
insert into Hoa_Dons(NhanVienId,DiaChiId,TrangThai,TongTien,created_at) values(2,1,2,0,'2021/01/27');
insert into Hoa_Dons(NhanVienId,DiaChiId,TrangThai,TongTien,created_at) values(3,1,1,0,'2021/01/15');
insert into Hoa_Dons(NhanVienId,DiaChiId,TrangThai,TongTien,created_at) values(2,1,1,0,'2021/01/15');
insert into Hoa_Dons(NhanVienId,DiaChiId,TrangThai,TongTien,created_at) values(1,2,3,0,'2021/03/30');
insert into Hoa_Dons(NhanVienId,DiaChiId,TrangThai,TongTien,created_at) values(3,2,2,0,'2021/01/27');
insert into Hoa_Dons(NhanVienId,DiaChiId,TrangThai,TongTien,created_at) values(2,2,0,0,'2021/01/29');
insert into Hoa_Dons(NhanVienId,DiaChiId,TrangThai,TongTien,created_at) values(3,3,0,0,'2021/01/29');
insert into Hoa_Dons(NhanVienId,DiaChiId,TrangThai,TongTien,created_at) values(3,3,1,0,'2021/04/07');
insert into Hoa_Dons(NhanVienId,DiaChiId,TrangThai,TongTien,created_at) values(1,3,3,0,'2021/01/29');
insert into Hoa_Dons(NhanVienId,DiaChiId,TrangThai,TongTien,created_at) values(2,4,2,0,'2021/04/29');
insert into Hoa_Dons(NhanVienId,DiaChiId,TrangThai,TongTien,created_at) values(3,4,0,0,'2021/01/27');
insert into Hoa_Dons(NhanVienId,DiaChiId,TrangThai,TongTien,created_at) values(2,4,1,0,'2021/01/27');
insert into Hoa_Dons(NhanVienId,DiaChiId,TrangThai,TongTien,created_at) values(2,1,3,0,'2021/04/28');
insert into Hoa_Dons(NhanVienId,DiaChiId,TrangThai,TongTien,created_at) values(2,1,2,0,'2021/01/29');
insert into Hoa_Dons(NhanVienId,DiaChiId,TrangThai,TongTien,created_at) values(3,1,2,0,'2021/01/29');
insert into Hoa_Dons(NhanVienId,DiaChiId,TrangThai,TongTien,created_at) values(3,2,3,0,'2021/01/15');
insert into Hoa_Dons(NhanVienId,DiaChiId,TrangThai,TongTien,created_at) values(1,2,1,0,'2021/01/29');
insert into Hoa_Dons(NhanVienId,DiaChiId,TrangThai,TongTien,created_at) values(1,2,3,0,'2021/01/15');

insert into CT_Hoa_Dons(HoaDonId,SanPhamId,SoLuong,GiaGiam,ThanhTien,Star) values(19,30,15,0,0,1) ;
insert into CT_Hoa_Dons(HoaDonId,SanPhamId,SoLuong,GiaGiam,ThanhTien,Star) values(18,11,17,0,0,2) ;
insert into CT_Hoa_Dons(HoaDonId,SanPhamId,SoLuong,GiaGiam,ThanhTien,Star) values(6,12,5,0,0,3)   ;
insert into CT_Hoa_Dons(HoaDonId,SanPhamId,SoLuong,GiaGiam,ThanhTien,Star) values(17,32,3,0,0,4)  ;
insert into CT_Hoa_Dons(HoaDonId,SanPhamId,SoLuong,GiaGiam,ThanhTien,Star) values(8,13,1,0,0,5)	   ;
insert into CT_Hoa_Dons(HoaDonId,SanPhamId,SoLuong,GiaGiam,ThanhTien,Star) values(4,26,2,0,0,5)   ;
insert into CT_Hoa_Dons(HoaDonId,SanPhamId,SoLuong,GiaGiam,ThanhTien,Star) values(12,20,7,0,0,3)   ;
insert into CT_Hoa_Dons(HoaDonId,SanPhamId,SoLuong,GiaGiam,ThanhTien,Star) values(6,18,9,0,0,3)   ;
insert into CT_Hoa_Dons(HoaDonId,SanPhamId,SoLuong,GiaGiam,ThanhTien,Star) values(21,29,9,0,0,4)  ;
insert into CT_Hoa_Dons(HoaDonId,SanPhamId,SoLuong,GiaGiam,ThanhTien,Star) values(8,17,12,0,0,2)  ;
insert into CT_Hoa_Dons(HoaDonId,SanPhamId,SoLuong,GiaGiam,ThanhTien,Star) values(23,19,1,0,0,4)   ;
insert into CT_Hoa_Dons(HoaDonId,SanPhamId,SoLuong,GiaGiam,ThanhTien,Star) values(15,7,9,0,0,5)   ;
insert into CT_Hoa_Dons(HoaDonId,SanPhamId,SoLuong,GiaGiam,ThanhTien,Star) values(2,17,3,0,0,1)   ;
insert into CT_Hoa_Dons(HoaDonId,SanPhamId,SoLuong,GiaGiam,ThanhTien,Star) values(29,17,14,0,0,2);
insert into CT_Hoa_Dons(HoaDonId,SanPhamId,SoLuong,GiaGiam,ThanhTien,Star) values(7,31,10,0,0,3) ;
insert into CT_Hoa_Dons(HoaDonId,SanPhamId,SoLuong,GiaGiam,ThanhTien,Star) values(9,10,6,0,0,4)  ;
insert into CT_Hoa_Dons(HoaDonId,SanPhamId,SoLuong,GiaGiam,ThanhTien,Star) values(12,18,5,0,0,5) ;
insert into CT_Hoa_Dons(HoaDonId,SanPhamId,SoLuong,GiaGiam,ThanhTien,Star) values(22,28,11,0,0,5);
insert into CT_Hoa_Dons(HoaDonId,SanPhamId,SoLuong,GiaGiam,ThanhTien,Star) values(28,30,2,0,0,5)  ;
insert into CT_Hoa_Dons(HoaDonId,SanPhamId,SoLuong,GiaGiam,ThanhTien,Star) values(14,13,5,0,0,5) ;
insert into CT_Hoa_Dons(HoaDonId,SanPhamId,SoLuong,GiaGiam,ThanhTien,Star) values(1,11,6,0,0,3)  ;
insert into CT_Hoa_Dons(HoaDonId,SanPhamId,SoLuong,GiaGiam,ThanhTien,Star) values(28,10,6,0,0,4) ;
insert into CT_Hoa_Dons(HoaDonId,SanPhamId,SoLuong,GiaGiam,ThanhTien,Star) values(3,10,10,0,0,5) ;
insert into CT_Hoa_Dons(HoaDonId,SanPhamId,SoLuong,GiaGiam,ThanhTien,Star) values(6,20,18,0,0,4) ;
insert into CT_Hoa_Dons(HoaDonId,SanPhamId,SoLuong,GiaGiam,ThanhTien,Star) values(17,4,16,0,0,5) ;
insert into CT_Hoa_Dons(HoaDonId,SanPhamId,SoLuong,GiaGiam,ThanhTien,Star) values(2,14,20,0,0,2);
insert into CT_Hoa_Dons(HoaDonId,SanPhamId,SoLuong,GiaGiam,ThanhTien,Star) values(8,12,8,0,0,4)  ;
insert into CT_Hoa_Dons(HoaDonId,SanPhamId,SoLuong,GiaGiam,ThanhTien,Star) values(28,3,15,0,0,1);
insert into CT_Hoa_Dons(HoaDonId,SanPhamId,SoLuong,GiaGiam,ThanhTien,Star) values(23,14,11,0,0,3);
insert into CT_Hoa_Dons(HoaDonId,SanPhamId,SoLuong,GiaGiam,ThanhTien,Star) values(18,4,12,0,0,4);

insert into Gio_Hangs(KhachHangId,SanPhamId,SoLuong) values(1,30,10);
insert into Gio_Hangs(KhachHangId,SanPhamId,SoLuong) values(1,29,10);
insert into Gio_Hangs(KhachHangId,SanPhamId,SoLuong) values(1,28,10);
insert into Gio_Hangs(KhachHangId,SanPhamId,SoLuong) values(2,27,10);
insert into Gio_Hangs(KhachHangId,SanPhamId,SoLuong) values(2,26,10);
insert into Gio_Hangs(KhachHangId,SanPhamId,SoLuong) values(2,25,10);
insert into Gio_Hangs(KhachHangId,SanPhamId,SoLuong) values(3,24,10);
insert into Gio_Hangs(KhachHangId,SanPhamId,SoLuong) values(3,23,10);
insert into Gio_Hangs(KhachHangId,SanPhamId,SoLuong) values(3,22,10);
insert into Gio_Hangs(KhachHangId,SanPhamId,SoLuong) values(4,21,10);
insert into Gio_Hangs(KhachHangId,SanPhamId,SoLuong) values(4,20,10);
insert into Gio_Hangs(KhachHangId,SanPhamId,SoLuong) values(4,19,10);
insert into Gio_Hangs(KhachHangId,SanPhamId,SoLuong) values(5,18,10);
insert into Gio_Hangs(KhachHangId,SanPhamId,SoLuong) values(5,17,10);

insert into Yeu_Thichs(KhachHangId,SanPhamId) values(1,30);
insert into Yeu_Thichs(KhachHangId,SanPhamId) values(1,29);
insert into Yeu_Thichs(KhachHangId,SanPhamId) values(1,28);
insert into Yeu_Thichs(KhachHangId,SanPhamId) values(2,27);
insert into Yeu_Thichs(KhachHangId,SanPhamId) values(2,26);
insert into Yeu_Thichs(KhachHangId,SanPhamId) values(2,25);
insert into Yeu_Thichs(KhachHangId,SanPhamId) values(3,24);
insert into Yeu_Thichs(KhachHangId,SanPhamId) values(3,23);
insert into Yeu_Thichs(KhachHangId,SanPhamId) values(3,22);
insert into Yeu_Thichs(KhachHangId,SanPhamId) values(4,21);
insert into Yeu_Thichs(KhachHangId,SanPhamId) values(4,20);
insert into Yeu_Thichs(KhachHangId,SanPhamId) values(4,19);
insert into Yeu_Thichs(KhachHangId,SanPhamId) values(5,18);
insert into Yeu_Thichs(KhachHangId,SanPhamId) values(5,17);

insert into Binh_Luans(NoiDung,KhachHangId,SanPhamId) values(N'Sản phẩm rất tốt triệu like',1,30);
insert into Binh_Luans(NoiDung,KhachHangId,SanPhamId) values(N'Sản phẩm tốt',1,28);
insert into Binh_Luans(NoiDung,KhachHangId,SanPhamId) values(N'giao hang nhanh, sản phẩm tốt',2,29);
insert into Binh_Luans(NoiDung,KhachHangId,SanPhamId) values(N'hoàn hảo',1,32);
insert into Lich_Su_Van_Chuyens(HoaDonId,NguoiVanChuyenId,TrangThai,created_at)
SELECT a.Id,b.Id,0,a.created_at FROM Hoa_Dons as a,Nguoi_Van_Chuyens as b ORDER BY RAND() LIMIT 50;

insert into conversations(NhanVienId,KhachHangId) select 1,a.id from khach_hangs as a;
insert into messages(Body,KhachHangId,ConversationId,created_at) values(N'Hello Admin',2,2,'2021-1-1');
insert into messages(Body,KhachHangId,ConversationId,created_at) values(N'Mon nay` ban nhu nao`?',2,2,'2021-1-3');
insert into messages(Body,KhachHangId,ConversationId,created_at) values(N'Gia bao nhieu',2,2,'2021-1-5');
insert into messages(Body,KhachHangId,ConversationId,created_at) values(N'200k ban ko',2,2,'2021-1-8');
insert into messages(Body,KhachHangId,ConversationId,created_at) values(N'abcxyz thoi ko mua nua',2,2,'2021-1-9');

insert into messages(Body,NhanVienId,ConversationId,created_at) values(N'Hello khach',1,2,'2021-1-2');
insert into messages(Body,NhanVienId,ConversationId,created_at) values(N'Mon nay sieu re~',1,2,'2021-1-4');
insert into messages(Body,NhanVienId,ConversationId,created_at) values(N'mua di mua di',1,2,'2021-1-6');
insert into messages(Body,NhanVienId,ConversationId,created_at) values(N'ban voi gia sale mua di dung ngai',1,2,'2021-1-7');
insert into messages(Body,NhanVienId,ConversationId,created_at) values(N'khong mua t chem',1,2,'2021-1-10');

update CT_Hoa_Dons
set GiaBan=(select GiaBan from San_Phams where Id=SanPhamId);
update CT_Hoa_Dons
set ThanhTien=(SoLuong*GiaBan)-GiaGiam;
